<?xml version="1.0" encoding="utf-8"?>
<extension type="module" version="1.6" method="upgrade">
	<name>Forum_search</name>
	<creationDate>2015-08-14</creationDate>
	<author></author>
	<authorEmail></authorEmail>
	<authorUrl></authorUrl>
	<copyright>Copyright (C) 2015  Open Source Matters. All rights reserved.</copyright>	
	<license></license>
	<version>1.0</version>
	<description>For Forum searching with Topics and Category and Reply.
</description>
	<files>
		<filename module="mod_forum_search">mod_forum_search.php</filename>
		<folder>tmpl</folder>
		<filename>helper.php</filename>
		<filename>index.html</filename>
		<filename>mod_forum_search.xml</filename>
	</files>
	<languages>
		<language tag="en-GB">language/en-GB.mod_forum_search.ini</language>
    	<language tag="de-DE">language/de-DE.mod_forum_search.ini</language>            
	</languages>
	<params>
		<param name="classname" type="text" default="" label="Class Name" description="Class Name Description" />
	</params>
	<config>
		<fields name="params">
			<fieldset name="basic">
				<field name="classname" type="text" default="" label="Class Name" description="Class Name Description" />
			</fieldset>
		</fields>
	</config>			
</extension>