<?xml version="1.0" encoding="utf-8"?>
<extension type="module" version="1.6" method="upgrade">
	<name>Iarcontact_form</name>
	<creationDate>2015-10-06</creationDate>
	<author></author>
	<authorEmail></authorEmail>
	<authorUrl></authorUrl>
	<copyright>Copyright (C) 2015  Open Source Matters. All rights reserved.</copyright>	
	<license></license>
	<version>1.1</version>
	<description>For Contact Us Form Module by vishal</description>
	<files>
		<filename module="mod_iarcontact_form">mod_iarcontact_form.php</filename>
		<folder>tmpl</folder>
		<filename>helper.php</filename>
		<filename>index.html</filename>
		<filename>mod_iarcontact_form.xml</filename>
	</files>
	<languages>
		<language tag="en-GB">language/en-GB.mod_iarcontact_form.ini</language>
    	<language tag="de-DE">language/de-DE.mod_iarcontact_form.ini</language>            
	</languages>
	<params>
		<param name="classname" type="text" default="" label="Class Name" description="Class Name Description" />
	</params>
	<config>
		<fields name="params">
			<fieldset name="basic">
				<field name="classname" type="text" default="" label="Class Name" description="Class Name Description" />
			</fieldset>
		</fields>
	</config>			
</extension>