<?xml version="1.0" encoding="utf-8"?>
<extension type="file" method="upgrade" judirplugintype="field">
    <name>Core Rating</name>
    <author>JoomUltra</author>
    <creationDate>18 July 2014</creationDate>
    <authorEmail>admin@joomultra.com</authorEmail>
    <version>1.0</version>
    <license>GNU/GPL</license>
    <website>http://www.joomultra.com</website>
    <description></description>
    <folder>core_rating</folder>
    <core>1</core>
    <default>1</default>
    <fileset>
        <files target="components/com_judirectory/fields/core_rating">
            <file>core_rating.xml</file>
            <file>core_rating.php</file>
            <file>core_rating.css</file>
            <file>index.html</file>
            <folder>tmpl</folder>
            <folder>images</folder>
        </files>
    </fileset>
    <config>
        <field name="size"
               type="text"
               default="32"
               label="COM_JUDIRECTORY_FIELD_SIZE_LABEL"
               description="COM_JUDIRECTORY_FIELD_SIZE_DESC"
                />

        <field name="placeholder"
               type="text"
               default=""
               label="COM_JUDIRECTORY_FIELD_PLACEHOLDER_LABEL"
               description="COM_JUDIRECTORY_FIELD_PLACEHOLDER_DESC"
                />

        <field name="auto_suggest"
               type="radio"
               default="0"
               class="btn-group"
               label="COM_JUDIRECTORY_FIELD_AUTO_SUGGEST_LABEL"
               description="COM_JUDIRECTORY_FIELD_AUTO_SUGGEST_DESC">
            <option value="1">JYES</option>
            <option value="0">JNO</option>
        </field>
    </config>
</extension>