<?xml version="1.0" encoding="utf-8"?>
<extension type="file" method="upgrade" judirplugintype="field">
    <name>Core Created by</name>
    <author>JoomUltra</author>
    <creationDate>18 July 2014</creationDate>
    <authorEmail>admin@joomultra.com</authorEmail>
    <version>1.0</version>
    <license>GNU/GPL</license>
    <website>http://www.joomultra.com</website>
    <description></description>
    <folder>core_created_by</folder>
    <core>1</core>
    <default>1</default>
    <fileset>
        <files target="components/com_judirectory/fields/core_created_by">
            <file>core_created_by.xml</file>
            <file>core_created_by.php</file>
            <file>index.html</file>
            <folder>tmpl</folder>
        </files>
    </fileset>
</extension>
