<?xml version="1.0" encoding="utf-8"?>
<extension type="file" method="upgrade" judirplugintype="field">
    <name>Text</name>
    <author>JoomUltra</author>
    <creationDate>18 July 2014</creationDate>
    <authorEmail>admin@joomultra.com</authorEmail>
    <version>1.0</version>
    <license>GNU/GPL</license>
    <website>http://www.joomultra.com</website>
    <description></description>
    <folder>text</folder>
    <core>0</core>
    <default>1</default>
    <fileset>
        <files target="components/com_judirectory/fields/text">
            <file>text.xml</file>
            <file>text.php</file>
            <file>index.html</file>
            <folder>tmpl</folder>
        </files>
    </fileset>
    <config>
        <field
                name="regex"
                type="list"
                default=""
                label="COM_JUDIRECTORY_FIELD_REGEX_LABEL"
                description="COM_JUDIRECTORY_FIELD_REGEX_DESC"
                >
            <option value="">COM_JUDIRECTORY_NONE</option>
            <option value="/^[a-zA-Z]$/">COM_JUDIRECTORY_SINGLE_LETTER</option>
            <option value="/^[a-zA-Z]+$/">COM_JUDIRECTORY_ALPHABETIC_STRING</option>
            <option value="/^[a-zA-Z0-9]+$/">COM_JUDIRECTORY_ALPHA_NUMERIC_STRING</option>
            <option value="/^\w+$/">COM_JUDIRECTORY_SINGLE_WORD</option>
            <option value="/^\d+$/">COM_JUDIRECTORY_INTEGER</option>
            <option value="/^\d+(\.\d+)?$/">COM_JUDIRECTORY_DECIMAL</option>
            <option value="/^[\w\.-]+@[\w\.-]+\.[\w\.-]{2,6}$/">COM_JUDIRECTORY_EMAIL_ADDRESS</option>
            <option value="/\(?([0-9]{3})\)?([ .-]?)([0-9]{3})\2([0-9]{4})/">COM_JUDIRECTORY_TELEPHONE_NUMBER</option>
            <option value="/^(https?:\/\/)?([\w\.-]+)\.([\w\.-]{2,6})([\/\w \.-]*)*\/?$/i">COM_JUDIRECTORY_URL</option>
            <option value="/^(?:(?:25[0-5]|2[0-4][0-9]|[01]?[0-9][0-9]?)\.){3}(?:25[0-5]|2[0-4][0-9]|[01]?[0-9][0-9]?)$/">
                COM_JUDIRECTORY_IP_ADDRESS
            </option>
            <option value="custom">COM_JUDIRECTORY_CUSTOM_REGEX</option>
        </field>

        <field
                name="custom_regex"
                type="text"
                default=""
                label="COM_JUDIRECTORY_FIELD_CUSTOM_REGEX_LABEL"
                description="COM_JUDIRECTORY_FIELD_CUSTOM_REGEX_DESC"
                />

        <field
                name="invalid_message"
                type="text"
                default=""
                label="COM_JUDIRECTORY_FIELD_INVALID_MESSAGE_LABEL"
                description="COM_JUDIRECTORY_FIELD_INVALID_MESSAGE_DESC"
                />

        <field name="size"
               type="text"
               label="COM_JUDIRECTORY_FIELD_SIZE_LABEL"
               description="COM_JUDIRECTORY_FIELD_SIZE_DESC"
               default="32"
                />

        <field name="placeholder"
               type="text"
               label="COM_JUDIRECTORY_FIELD_PLACEHOLDER_LABEL"
               description="COM_JUDIRECTORY_FIELD_PLACEHOLDER_DESC"
               default=""
                />

        <field
                name="auto_suggest"
                type="radio"
                default="0"
                class="btn-group"
                label="COM_JUDIRECTORY_FIELD_AUTO_SUGGEST_LABEL"
                description="COM_JUDIRECTORY_FIELD_AUTO_SUGGEST_DESC">
            <option value="1">JYES</option>
            <option value="0">JNO</option>
        </field>

        <field
                name="tag_search"
                type="radio"
                default="0"
                class="btn-group"
                label="COM_JUDIRECTORY_FIELD_TAG_SEARCH_LABEL"
                description="COM_JUDIRECTORY_FIELD_TAG_SEARCH_DESC"
                >
            <option value="1">JYES</option>
            <option value="0">JNO</option>
        </field>

        <field
                name="is_numeric"
                type="radio"
                default="0"
                class="btn-group"
                label="COM_JUDIRECTORY_FIELD_IS_NUMERIC_LABEL"
                description="COM_JUDIRECTORY_FIELD_IS_NUMERIC_DESC"
                >
            <option value="1">JYES</option>
            <option value="0">JNO</option>
        </field>

        <field name="digits_in_total"
               type="text"
               label="COM_JUDIRECTORY_FIELD_DIGITS_IN_TOTAL_LABEL"
               description="COM_JUDIRECTORY_FIELD_DIGITS_IN_TOTAL_DESC"
               default="11"
                />

        <field name="digits_after_decimal"
               type="text"
               label="COM_JUDIRECTORY_FIELD_DIGITS_AFTER_DECIMAL_LABEL"
               description="COM_JUDIRECTORY_FIELD_DIGITS_AFTER_DECIMAL_DESC"
               default="2"
                />

        <field name="dec_point"
               type="text"
               label="COM_JUDIRECTORY_FIELD_DEC_POINT_LABEL"
               description="COM_JUDIRECTORY_FIELD_DEC_POINT_DESC"
               default="."
                />

        <field
                name="use_thousands_sep"
                type="radio"
                default="0"
                class="btn-group"
                label="COM_JUDIRECTORY_FIELD_USE_THOUSANDS_SEP_LABEL"
                description="COM_JUDIRECTORY_FIELD_USE_THOUSANDS_SEP_DESC"
                >
            <option value="1">JYES</option>
            <option value="0">JNO</option>
        </field>

        <field name="thousands_sep"
               type="text"
               label="COM_JUDIRECTORY_FIELD_THOUSANDS_SEP_LABEL"
               description="COM_JUDIRECTORY_FIELD_THOUSANDS_SEP_DESC"
               default=","
                />

        <field
                name="parse_plugin"
                type="radio"
                default="0"
                class="btn-group"
                label="COM_JUDIRECTORY_FIELD_PARSE_PLUGIN_LABEL"
                description="COM_JUDIRECTORY_FIELD_PARSE_PLUGIN_DESC"
                >
            <option value="1">JYES</option>
            <option value="0">JNO</option>
        </field>

        <field name="prepend_value"
               type="text"
               label="COM_JUDIRECTORY_FIELD_PREPEND_VALUE_LABEL"
               description="COM_JUDIRECTORY_FIELD_PREPEND_VALUE_DESC"
               default=""
                />

        <field name="append_value"
               type="text"
               label="COM_JUDIRECTORY_FIELD_APPEND_VALUE_LABEL"
               description="COM_JUDIRECTORY_FIELD_APPEND_VALUE_DESC"
               default=""
                />
    </config>
</extension>