<?xml version="1.0" encoding="utf-8"?>
<extension type="file" method="upgrade" judirplugintype="field">
    <name>Captcha</name>
    <author>JoomUltra</author>
    <creationDate>18 July 2014</creationDate>
    <authorEmail>admin@joomultra.com</authorEmail>
    <version>1.0</version>
    <license>GNU/GPL</license>
    <website>http://www.joomultra.com</website>
    <description></description>
    <folder>captcha</folder>
    <core>0</core>
    <default>1</default>
    <fileset>
        <files target="components/com_judirectory/fields/captcha">
            <file>captcha.xml</file>
            <file>captcha.php</file>
            <file>index.html</file>
        </files>
    </fileset>
    <config>
        <field
                name="invalid_message"
                type="text"
                default=""
                label="COM_JUDIRECTORY_FIELD_INVALID_MESSAGE_LABEL"
                description="COM_JUDIRECTORY_FIELD_INVALID_MESSAGE_DESC"
                />

        <field name="size"
               type="text"
               label="COM_JUDIRECTORY_FIELD_SIZE_LABEL"
               description="COM_JUDIRECTORY_FIELD_SIZE_DESC"
               default="32"
                />

        <field name="placeholder"
               type="text"
               label="COM_JUDIRECTORY_FIELD_PLACEHOLDER_LABEL"
               description="COM_JUDIRECTORY_FIELD_PLACEHOLDER_DESC"
               default=""
                />
    </config>
</extension>