<?xml version="1.0" encoding="utf-8"?>
<extension type="module" version="1.6" method="upgrade">
	<name>Profile</name>
	<creationDate>2015-05-06</creationDate>
	<author></author>
	<authorEmail></authorEmail>
	<authorUrl></authorUrl>
	<copyright>Copyright (C) 2015  Open Source Matters. All rights reserved.</copyright>	
	<license></license>
	<version>1.0</version>
	<description>For Display Profile Image uploaded by User
by Vishal</description>
	<files>
		<filename module="mod_profile">mod_profile.php</filename>
		<folder>tmpl</folder>
		<filename>helper.php</filename>
		<filename>index.html</filename>
		<filename>mod_profile.xml</filename>
	</files>
	<languages>
		<language tag="en-GB">language/en-GB.mod_profile.ini</language>
    	<language tag="de-DE">language/de-DE.mod_profile.ini</language>            
	</languages>
	<params>
		<param name="classname" type="text" default="" label="Class Name" description="Class Name Description" />
	</params>
	<config>
		<fields name="params">
			<fieldset name="basic">
				<field name="classname" type="text" default="" label="Class Name" description="Class Name Description" />
			</fieldset>
		</fields>
	</config>			
</extension>